"Code","Name","ListingDate","Shares","ListingBoard","sector"
"ABBA","Mahaka Media Tbk.","2002-04-03T00:00:00",2755125000,"PENGEMBANGAN","TRADE"
"AGAR","Asia Sejahtera Mina Tbk.","2019-12-02T00:00:00",1000000000,"Pengembangan","TRADE"
"AIMS","Akbar Indo Makmur Stimec Tbk","2001-07-20T00:00:00",220000000,"PENGEMBANGAN","TRADE"
"AKKU","Anugerah Kagum Karya Utama Tbk","2004-11-01T00:00:00",6449463636,"PENGEMBANGAN","TRADE"
"APII","Arita Prima Indonesia Tbk.","2013-10-29T00:00:00",1075760000,"PENGEMBANGAN","TRADE"
"ARTA","Arthavest Tbk","2002-11-05T00:00:00",446674175,"PENGEMBANGAN","TRADE"
"AYLS","Agro Yasa Lestari Tbk.","2020-02-12T00:00:00",853423200,"Pengembangan","TRADE"
"BAYU","Bayu Buana Tbk","1989-10-30T00:00:00",353220780,"Pengembangan","TRADE"
"BLTZ","Graha Layar Prima Tbk.","2014-04-10T00:00:00",873937142,"PENGEMBANGAN","TRADE"
"BLUE","Berkah Prima Perkasa Tbk.","2019-07-08T00:00:00",418000000,"PENGEMBANGAN","TRADE"
"BNBR","Bakrie & Brothers Tbk","1989-08-28T00:00:00",20863053480,"PENGEMBANGAN","TRADE"
"BOGA","Bintang Oto Global Tbk.","2016-12-19T00:00:00",3803526210,"PENGEMBANGAN","TRADE"
"BOLA","Bali Bintang Sejahtera Tbk.","2019-06-17T00:00:00",6000000000,"PENGEMBANGAN","TRADE"
"BUVA","Bukit Uluwatu Villa Tbk.","2010-07-12T00:00:00",6811269200,"Pengembangan","TRADE"
"CARS","Industri dan Perdagangan Bintr","2017-04-10T00:00:00",15000000000,"PENGEMBANGAN","TRADE"
"CLAY","Citra Putra Realty Tbk.","2019-01-18T00:00:00",2570000000,"PENGEMBANGAN","TRADE"
"CLPI","Colorpak Indonesia Tbk.","2001-11-30T00:00:00",306338500,"PENGEMBANGAN","TRADE"
"DAYA","Duta Intidaya Tbk.","2016-06-28T00:00:00",2420547025,"PENGEMBANGAN","TRADE"
"DFAM","Dafam Property Indonesia Tbk.","2018-04-27T00:00:00",1899582490,"PENGEMBANGAN","TRADE"
"DIGI","Arkadia Digital Media Tbk.","2018-09-18T00:00:00",325000000,"PENGEMBANGAN","TRADE"
"DIVA","Distribusi Voucher Nusantara T","2018-11-27T00:00:00",714285700,"PENGEMBANGAN","TRADE"
"DMMX","Digital Mediatama Maxima Tbk.","2019-10-21T00:00:00",7692307700,"Pengembangan","TRADE"
"DNET","Indoritel Makmur Internasional","2000-12-11T00:00:00",14184000000,"PENGEMBANGAN","TRADE"
"DWGL","Dwi Guna Laksana Tbk.","2017-12-13T00:00:00",8710463631,"Pengembangan","TRADE"
"EAST","Eastparc Hotel Tbk.","2019-07-09T00:00:00",4126366095,"Pengembangan","TRADE"
"ECII","Electronic City Indonesia Tbk.","2013-07-03T00:00:00",1334333000,"PENGEMBANGAN","TRADE"
"ENVY","Envy Technologies Indonesia Tb","2019-07-08T00:00:00",1800000000,"PENGEMBANGAN","TRADE"
"EPMT","Enseval Putera Megatrading Tbk","1994-08-01T00:00:00",2708640000,"Pengembangan","TRADE"
"FAST","Fast Food Indonesia Tbk.","1993-05-11T00:00:00",3990277158,"PENGEMBANGAN","TRADE"
"FISH","FKS Multi Agro Tbk.","2002-01-18T00:00:00",480000000,"PENGEMBANGAN","TRADE"
"FITT","Hotel Fitra International Tbk.","2019-06-11T00:00:00",600000005,"PENGEMBANGAN","TRADE"
"FORU","Fortune Indonesia Tbk","2004-01-17T00:00:00",465224000,"PENGEMBANGAN","TRADE"
"GEMA","Gema Grahasarana Tbk.","2002-08-12T00:00:00",1600000000,"Pengembangan","TRADE"
"GLOB","Global Teleshop Tbk.","2012-07-10T00:00:00",1111112000,"Pengembangan","TRADE"
"GLVA","Galva Technologies Tbk.","2019-12-23T00:00:00",1500000000,"Pengembangan","TRADE"
"HADE","Himalaya Energi Perkasa Tbk.","2004-04-12T00:00:00",2120000000,"PENGEMBANGAN","TRADE"
"HOME","Hotel Mandarine Regency Tbk.","2008-07-17T00:00:00",22212194782,"PENGEMBANGAN","TRADE"
"HRME","Menteng Heritage Realty Tbk.","2019-04-12T00:00:00",5958750000,"PENGEMBANGAN","TRADE"
"ICON","Island Concepts Indonesia Tbk.","2005-07-08T00:00:00",1089750000,"Pengembangan","TRADE"
"INDX","Tanah Laut Tbk","2001-05-17T00:00:00",437913588,"PENGEMBANGAN","TRADE"
"INPP","Indonesian Paradise Property T","2004-12-01T00:00:00",11181971732,"PENGEMBANGAN","TRADE"
"INPS","Indah Prakasa Sentosa Tbk.","2018-04-06T00:00:00",650000000,"PENGEMBANGAN","TRADE"
"INTA","Intraco Penta Tbk.","1993-08-23T00:00:00",3339653962,"PENGEMBANGAN","TRADE"
"INTD","Inter Delta Tbk","1989-12-18T00:00:00",591828000,"PENGEMBANGAN","TRADE"
"IRRA","Itama Ranoraya Tbk.","2019-10-15T00:00:00",1600000000,"Pengembangan","TRADE"
"ITMA","Sumber Energi Andalan Tbk.","1990-12-10T00:00:00",870701000,"PENGEMBANGAN","TRADE"
"JGLE","Graha Andrasentra Propertindo ","2016-06-29T00:00:00",22581909405,"Pengembangan","TRADE"
"JIHD","Jakarta International Hotels &","1984-02-29T00:00:00",2329040482,"PENGEMBANGAN","TRADE"
"JSPT","Jakarta Setiabudi Internasiona","1998-01-12T00:00:00",2318736000,"PENGEMBANGAN","TRADE"
"JTPE","Jasuindo Tiga Perkasa Tbk.","2002-04-16T00:00:00",1713012500,"PENGEMBANGAN","TRADE"
"KAYU","Darmi Bersaudara Tbk.","2019-07-04T00:00:00",665000000,"Pengembangan","TRADE"
"KBLV","First Media Tbk.","2000-02-25T00:00:00",1742167907,"PENGEMBANGAN","TRADE"
"KIOS","Kioson Komersial Indonesia Tbk","2017-10-05T00:00:00",717239900,"PENGEMBANGAN","TRADE"
"KOIN","Kokoh Inti Arebama Tbk","2008-04-09T00:00:00",980843732,"PENGEMBANGAN","TRADE"
"KONI","Perdana Bangun Pusaka Tbk","1995-08-22T00:00:00",152000000,"Pengembangan","TRADE"
"KPIG","MNC Land Tbk.","2000-03-30T00:00:00",80625726664,"Pengembangan","TRADE"
"LMAS","Limas Indonesia Makmur Tbk","2001-12-28T00:00:00",787851525,"PENGEMBANGAN","TRADE"
"LPLI","Star Pacific Tbk","1989-10-23T00:00:00",1170432803,"Pengembangan","TRADE"
"LUCK","Sentral Mitra Informatika Tbk.","2018-11-28T00:00:00",715749640,"Pengembangan","TRADE"
"MAMI","Mas Murni Indonesia Tbk","1994-02-09T00:00:00",12299116331,"PENGEMBANGAN","TRADE"
"MAPA","Map Aktif Adiperkasa Tbk.","2018-07-05T00:00:00",2850400000,"PENGEMBANGAN","TRADE"
"MAPB","MAP Boga Adiperkasa Tbk.","2017-06-21T00:00:00",2170922900,"PENGEMBANGAN","TRADE"
"MARI","Mahaka Radio Integra Tbk.","2016-02-11T00:00:00",5252644000,"PENGEMBANGAN","TRADE"
"MCAS","M Cash Integrasi Tbk.","2017-11-01T00:00:00",867933300,"PENGEMBANGAN","TRADE"
"MFMI","Multifiling Mitra Indonesia Tb","2010-12-29T00:00:00",757581000,"PENGEMBANGAN","TRADE"
"MICE","Multi Indocitra Tbk.","2005-11-02T00:00:00",600000000,"PENGEMBANGAN","TRADE"
"MIDI","Midi Utama Indonesia Tbk.","2010-11-30T00:00:00",2882353000,"Pengembangan","TRADE"
"MINA","Sanurhasta Mitra Tbk.","2017-04-28T00:00:00",6562500000,"PENGEMBANGAN","TRADE"
"MKNT","Mitra Komunikasi Nusantara Tbk","2015-10-26T00:00:00",5000000000,"PENGEMBANGAN","TRADE"
"MSIN","MNC Studios International Tbk.","2018-06-08T00:00:00",5202000000,"Pengembangan","TRADE"
"NASA","Ayana Land International Tbk.","2017-08-07T00:00:00",11004929322,"Pengembangan","TRADE"
"NATO","Nusantara Properti Internasion","2019-01-18T00:00:00",8001079500,"PENGEMBANGAN","TRADE"
"NFCX","NFC Indonesia Tbk.","2018-07-12T00:00:00",666667500,"PENGEMBANGAN","TRADE"
"NICK","Charnic Capital Tbk.","2018-05-02T00:00:00",651150000,"Pengembangan","TRADE"
"NUSA","Sinergi Megah Internusa Tbk.","2018-07-12T00:00:00",7700000115,"PENGEMBANGAN","TRADE"
"OCAP","Onix Capital Tbk.","2003-11-10T00:00:00",273200000,"PENGEMBANGAN","TRADE"
"OKAS","Ancora Indonesia Resources Tbk","2006-03-29T00:00:00",1765927777,"PENGEMBANGAN","TRADE"
"OPMS","Optima Prima Metal Sinergi Tbk","2019-09-23T00:00:00",1000000000,"Pengembangan","TRADE"
"PDES","Destinasi Tirta Nusantara Tbk","2008-07-08T00:00:00",715000000,"Pengembangan","TRADE"
"PEGE","Panca Global Kapital Tbk.","2005-06-24T00:00:00",2833417056,"Pengembangan","TRADE"
"PGLI","Pembangunan Graha Lestari Inda","2000-04-05T00:00:00",488000000,"PENGEMBANGAN","TRADE"
"PLAS","Polaris Investama Tbk","2001-03-16T00:00:00",1184200000,"PENGEMBANGAN","TRADE"
"PMJS","Putra Mandiri Jembar Tbk.","2019-12-18T00:00:00",13755600000,"Pengembangan","TRADE"
"PNSE","Pudjiadi & Sons Tbk.","1990-05-01T00:00:00",797813496,"PENGEMBANGAN","TRADE"
"POOL","Pool Advista Indonesia Tbk.","1991-05-20T00:00:00",2341366164,"PENGEMBANGAN","TRADE"
"PRDA","Prodia Widyahusada Tbk.","2016-12-07T00:00:00",937500000,"PENGEMBANGAN","TRADE"
"PRIM","Royal Prima Tbk.","2018-05-15T00:00:00",3393432605,"PENGEMBANGAN","TRADE"
"PSKT","Red Planet Indonesia Tbk.","1995-09-19T00:00:00",10351231636,"PENGEMBANGAN","TRADE"
"PTSP","Pioneerindo Gourmet Internatio","1994-05-30T00:00:00",220808000,"PENGEMBANGAN","TRADE"
"SAME","Sarana Meditama Metropolitan T","2013-01-11T00:00:00",5900000000,"PENGEMBANGAN","TRADE"
"SFAN","Surya Fajar Capital Tbk.","2019-06-19T00:00:00",1062574361,"PENGEMBANGAN","TRADE"
"SHID","Hotel Sahid Jaya International","1990-05-08T00:00:00",1119326168,"PENGEMBANGAN","TRADE"
"SIMA","Siwani Makmur Tbk","1994-06-03T00:00:00",442589871,"PENGEMBANGAN","TRADE"
"SKYB","Northcliff Citranusa Indonesia","2010-07-07T00:00:00",585000000,"Pengembangan","TRADE"
"SONA","Sona Topas Tourism Industry Tb","1992-07-12T00:00:00",331200000,"PENGEMBANGAN","TRADE"
"SOSS","Shield On Service Tbk.","2018-11-06T00:00:00",655974505,"PENGEMBANGAN","TRADE"
"SOTS","Satria Mega Kencana Tbk.","2018-12-10T00:00:00",1000000005,"Pengembangan","TRADE"
"SPTO","Surya Pertiwi Tbk.","2018-05-14T00:00:00",2700000000,"PENGEMBANGAN","TRADE"
"SQMI","Wilton Makmur Indonesia Tbk.","2004-07-15T00:00:00",15537591429,"Pengembangan","TRADE"
"SRTG","Saratoga Investama Sedaya Tbk.","2013-06-26T00:00:00",2712967000,"PENGEMBANGAN","TRADE"
"SUGI","Sugih Energy Tbk.","2002-06-19T00:00:00",24811541414,"PENGEMBANGAN","TRADE"
"TFAS","Telefast Indonesia Tbk.","2019-09-17T00:00:00",1666666500,"Pengembangan","TRADE"
"TGKA","Tigaraksa Satria Tbk.","1990-06-11T00:00:00",918492750,"PENGEMBANGAN","TRADE"
"TIRA","Tira Austenite Tbk","1993-07-27T00:00:00",588000000,"PENGEMBANGAN","TRADE"
"TMPO","Tempo Intimedia Tbk.","2001-01-08T00:00:00",1058333250,"PENGEMBANGAN","TRADE"
"TRIL","Triwira Insanlestari Tbk.","2008-01-28T00:00:00",1200000000,"PENGEMBANGAN","TRADE"
"WAPO","Wahana Pronatural Tbk.","2001-06-22T00:00:00",1240923111,"Pengembangan","TRADE"
"WICO","Wicaksana Overseas Internation","1994-08-08T00:00:00",1268950977,"PENGEMBANGAN","TRADE"
"YELO","Yelooo Integra Datanet Tbk.","2018-10-29T00:00:00",380043597,"PENGEMBANGAN","TRADE"
"ZBRA","Zebra Nusantara Tbk","1991-08-01T00:00:00",856133009,"PENGEMBANGAN","TRADE"
"ABMM","ABM Investama Tbk.","2011-12-06T00:00:00",2753165000,"Utama","TRADE"
"ACES","Ace Hardware Indonesia Tbk.","2007-11-06T00:00:00",17150000000,"UTAMA","TRADE"
"AKRA","AKR Corporindo Tbk.","1994-10-03T00:00:00",4014694920,"Utama","TRADE"
"AMRT","Sumber Alfaria Trijaya Tbk.","2009-01-15T00:00:00",41524501700,"UTAMA","TRADE"
"ASGR","Astra Graphia Tbk.","1989-11-15T00:00:00",1348780500,"UTAMA","TRADE"
"ATIC","Anabatic Technologies Tbk.","2015-07-08T00:00:00",2315361355,"UTAMA","TRADE"
"BHIT","MNC Investama Tbk.","1997-11-24T00:00:00",67767400934,"UTAMA","TRADE"
"BMSR","Bintang Mitra Semestaraya Tbk","1999-12-29T00:00:00",1159200024,"UTAMA","TRADE"
"BMTR","Global Mediacom Tbk.","1995-07-17T00:00:00",15334511286,"Utama","TRADE"
"CNKO","Exploitasi Energi Indonesia Tb","2001-11-20T00:00:00",8956361206,"UTAMA","TRADE"
"CSAP","Catur Sentosa Adiprana Tbk.","2007-12-12T00:00:00",4458352920,"UTAMA","TRADE"
"DPUM","Dua Putra Utama Makmur Tbk.","2015-12-08T00:00:00",4175000000,"UTAMA","TRADE"
"DUCK","Jaya Bersama Indo Tbk.","2018-10-10T00:00:00",1283330000,"UTAMA","TRADE"
"DYAN","Dyandra Media International Tb","2013-03-25T00:00:00",4272964279,"UTAMA","TRADE"
"EMTK","Elang Mahkota Teknologi Tbk.","2010-01-12T00:00:00",5642275242,"Utama","TRADE"
"ERAA","Erajaya Swasembada Tbk.","2011-12-14T00:00:00",3190000000,"Utama","TRADE"
"FILM","MD Pictures Tbk.","2018-08-07T00:00:00",9511217000,"UTAMA","TRADE"
"GREN","Evergreen Invesco Tbk.","2010-07-09T00:00:00",4694111791,"UTAMA","TRADE"
"HDIT","Hensel Davest Indonesia Tbk.","2019-07-12T00:00:00",1524680000,"Utama","TRADE"
"HEAL","Medikaloka Hermina Tbk.","2018-05-16T00:00:00",2973000000,"UTAMA","TRADE"
"HERO","Hero Supermarket Tbk.","1989-12-02T00:00:00",4183634000,"UTAMA","TRADE"
"HEXA","Hexindo Adiperkasa Tbk.","1995-02-13T00:00:00",840000000,"UTAMA","TRADE"
"HKMU","HK Metals Utama Tbk.","2018-10-09T00:00:00",3221750000,"Utama","TRADE"
"HOTL","Saraswati Griya Lestari Tbk.","2013-01-10T00:00:00",3550001452,"Utama","TRADE"
"IKAI","Intikeramik Alamasri Industri ","1997-06-04T00:00:00",13305799387,"Utama","TRADE"
"IPTV","MNC Vision Networks Tbk.","2019-07-08T00:00:00",37023385539,"UTAMA","TRADE"
"KOBX","Kobexindo Tractors Tbk.","2012-07-05T00:00:00",2272500000,"UTAMA","TRADE"
"KREN","Kresna Graha Investama Tbk.","2002-06-28T00:00:00",18208470100,"UTAMA","TRADE"
"LINK","Link Net Tbk.","2014-06-02T00:00:00",2863195484,"UTAMA","TRADE"
"LPPF","Matahari Department Store Tbk.","1989-10-10T00:00:00",2804883280,"Utama","TRADE"
"LTLS","Lautan Luas Tbk.","1997-07-21T00:00:00",1560000000,"Utama","TRADE"
"MAPI","Mitra Adiperkasa Tbk.","2004-11-10T00:00:00",16600000000,"Utama","TRADE"
"MDIA","Intermedia Capital Tbk.","2014-04-11T00:00:00",39215538400,"UTAMA","TRADE"
"MDRN","Modern Internasional Tbk.","1991-07-16T00:00:00",7632167798,"UTAMA","TRADE"
"MIKA","Mitra Keluarga Karyasehat Tbk.","2015-03-24T00:00:00",14246349500,"Utama","TRADE"
"MLPL","Multipolar Tbk.","1989-11-06T00:00:00",14639632470,"UTAMA","TRADE"
"MLPT","Multipolar Technology Tbk.","2013-07-08T00:00:00",1875000000,"UTAMA","TRADE"
"MNCN","Media Nusantara Citra Tbk.","2007-06-22T00:00:00",14276103500,"Utama","TRADE"
"MPMX","Mitra Pinasthika Mustika Tbk.","2013-05-29T00:00:00",4462963276,"UTAMA","TRADE"
"MPPA","Matahari Putra Prima Tbk.","1992-12-21T00:00:00",7529147920,"Utama","TRADE"
"MSKY","MNC Sky Vision Tbk.","2012-07-09T00:00:00",1994370480,"Utama","TRADE"
"MTDL","Metrodata Electronics Tbk.","1990-04-09T00:00:00",2455376917,"UTAMA","TRADE"
"PANR","Panorama Sentrawisata Tbk.","1950-01-01T00:00:00",1200000000,"UTAMA","TRADE"
"PJAA","Pembangunan Jaya Ancol Tbk.","2004-07-02T00:00:00",1599999996,"UTAMA","TRADE"
"PUDP","Pudjiadi Prestige Tbk.","1994-11-18T00:00:00",329560000,"UTAMA","TRADE"
"PZZA","Sarimelati Kencana Tbk.","2018-05-23T00:00:00",3021875000,"UTAMA","TRADE"
"RALS","Ramayana Lestari Sentosa Tbk.","1996-07-24T00:00:00",7096000000,"Utama","TRADE"
"RANC","Supra Boga Lestari Tbk.","2012-06-07T00:00:00",1564487500,"UTAMA","TRADE"
"SCMA","Surya Citra Media Tbk.","2002-07-16T00:00:00",14774672301,"Utama","TRADE"
"SDPC","Millennium Pharmacon Internati","1990-05-07T00:00:00",1274000000,"Utama","TRADE"
"SILO","Siloam International Hospitals","2013-09-12T00:00:00",1625765625,"UTAMA","TRADE"
"SRAJ","Sejahteraraya Anugrahjaya Tbk.","2011-04-11T00:00:00",12000705445,"UTAMA","TRADE"
"TELE","Tiphone Mobile Indonesia Tbk.","2012-01-12T00:00:00",7302194889,"Utama","TRADE"
"TRIO","Trikomsel Oke Tbk.","2009-04-14T00:00:00",26007494645,"Utama","TRADE"
"TURI","Tunas Ridean Tbk.","1995-05-16T00:00:00",5580000000,"Utama","TRADE"
"UNTR","United Tractors Tbk.","1989-09-19T00:00:00",3730135136,"UTAMA","TRADE"
"VIVA","Visi Media Asia Tbk.","2011-11-21T00:00:00",16464270400,"UTAMA","TRADE"
"AALI","Astra Agro Lestari Tbk.","1997-12-09T00:00:00",1924688333,"UTAMA","AGRI"
"ANDI","Andira Agro Tbk.","2018-08-16T00:00:00",9350000000,"PENGEMBANGAN","AGRI"
"ANJT","Austindo Nusantara Jaya Tbk.","2013-05-08T00:00:00",3354175000,"Utama","AGRI"
"BEEF","Estika Tata Tiara Tbk.","2019-01-10T00:00:00",1884312565,"PENGEMBANGAN","AGRI"
"BISI","BISI International Tbk.","2007-05-28T00:00:00",3000000000,"UTAMA","AGRI"
"BWPT","Eagle High Plantations Tbk.","2009-10-27T00:00:00",31525291000,"UTAMA","AGRI"
"CSRA","Cisadane Sawit Raya Tbk.","2020-01-09T00:00:00",2050000000,"Pengembangan","AGRI"
"DSFI","Dharma Samudera Fishing Indust","2000-03-24T00:00:00",1857135500,"UTAMA","AGRI"
"DSNG","Dharma Satya Nusantara Tbk.","2013-06-14T00:00:00",10599842400,"UTAMA","AGRI"
"GOLL","Golden Plantation Tbk.","2014-12-23T00:00:00",3665000759,"PENGEMBANGAN","AGRI"
"GZCO","Gozco Plantations Tbk.","2008-05-15T00:00:00",6000000000,"Utama","AGRI"
"JAWA","Jaya Agra Wattie Tbk.","2011-05-30T00:00:00",3774685500,"Utama","AGRI"
"LSIP","PP London Sumatra Indonesia Tb","1996-07-05T00:00:00",6822863965,"UTAMA","AGRI"
"MAGP","Multi Agro Gemilang Plantation","2013-01-16T00:00:00",9000000004,"Pengembangan","AGRI"
"MGRO","Mahkota Group Tbk.","2018-07-12T00:00:00",3554445700,"Utama","AGRI"
"PALM","Provident Agro Tbk.","2012-10-08T00:00:00",7119540356,"PENGEMBANGAN","AGRI"
"PSGO","Palma Serasih Tbk.","2019-11-25T00:00:00",18850000000,"Pengembangan","AGRI"
"SGRO","Sampoerna Agro Tbk.","2007-06-18T00:00:00",1890000000,"Utama","AGRI"
"SIMP","Salim Ivomas Pratama Tbk.","2011-06-09T00:00:00",15816310000,"UTAMA","AGRI"
"SMAR","Smart Tbk.","1992-11-20T00:00:00",2872193366,"PENGEMBANGAN","AGRI"
"SSMS","Sawit Sumbermas Sarana Tbk.","2013-12-12T00:00:00",9525000000,"UTAMA","AGRI"
"UNSP","Bakrie Sumatera Plantations Tb","1990-03-06T00:00:00",2500162344,"UTAMA","AGRI"
"ADMG","Polychem Indonesia Tbk","1993-10-20T00:00:00",3889179559,"Utama","BASIC-IND"
"AGII","Aneka Gas Industri Tbk.","2016-09-28T00:00:00",3066660000,"UTAMA","BASIC-IND"
"AKPI","Argha Karya Prima Industry Tbk","1992-12-18T00:00:00",680000000,"PENGEMBANGAN","BASIC-IND"
"ALDO","Alkindo Naratama Tbk.","2011-07-12T00:00:00",1100000000,"Pengembangan","BASIC-IND"
"ALKA","Alakasa Industrindo Tbk","1990-07-12T00:00:00",507665055,"PENGEMBANGAN","BASIC-IND"
"ALMI","Alumindo Light Metal Industry ","1997-01-02T00:00:00",616000000,"PENGEMBANGAN","BASIC-IND"
"AMFG","Asahimas Flat Glass Tbk.","1995-11-08T00:00:00",434000000,"Utama","BASIC-IND"
"APLI","Asiaplast Industries Tbk.","2000-05-01T00:00:00",1362671400,"UTAMA","BASIC-IND"
"ARNA","Arwana Citramulia Tbk.","2001-07-17T00:00:00",7341430976,"UTAMA","BASIC-IND"
"BAJA","Saranacentral Bajatama Tbk.","2011-12-21T00:00:00",1800000000,"PENGEMBANGAN","BASIC-IND"
"BRNA","Berlina Tbk.","1989-11-06T00:00:00",979110000,"PENGEMBANGAN","BASIC-IND"
"BRPT","Barito Pacific Tbk.","1993-10-01T00:00:00",89016609820,"UTAMA","BASIC-IND"
"BTON","Betonjaya Manunggal Tbk.","2001-07-18T00:00:00",720000000,"PENGEMBANGAN","BASIC-IND"
"CAKK","Cahayaputra Asa Keramik Tbk.","2018-10-31T00:00:00",1203300206,"Pengembangan","BASIC-IND"
"CPIN","Charoen Pokphand Indonesia Tbk","1991-03-18T00:00:00",16398000000,"UTAMA","BASIC-IND"
"CPRO","Central Proteina Prima Tbk.","2006-11-28T00:00:00",59572382787,"UTAMA","BASIC-IND"
"CTBN","Citra Tubindo Tbk.","1989-11-28T00:00:00",800371500,"UTAMA","BASIC-IND"
"DPNS","Duta Pertiwi Nusantara Tbk.","1990-08-08T00:00:00",331129952,"UTAMA","BASIC-IND"
"EKAD","Ekadharma International Tbk.","1990-08-14T00:00:00",698775000,"UTAMA","BASIC-IND"
"ESIP","Sinergi Inti Plastindo Tbk.","2019-11-14T00:00:00",640000000,"Pengembangan","BASIC-IND"
"ETWA","Eterindo Wahanatama Tbk","1997-05-16T00:00:00",968297000,"UTAMA","BASIC-IND"
"FASW","Fajar Surya Wisesa Tbk.","1994-12-19T00:00:00",2477888787,"UTAMA","BASIC-IND"
"FPNI","Lotte Chemical Titan Tbk.","2002-03-21T00:00:00",5566414000,"PENGEMBANGAN","BASIC-IND"
"GDST","Gunawan Dianjaya Steel Tbk.","2009-12-23T00:00:00",9242500000,"Pengembangan","BASIC-IND"
"GGRP","Gunung Raja Paksi Tbk.","2019-09-19T00:00:00",12111376157,"Pengembangan","BASIC-IND"
"IFII","Indonesia Fibreboard Industry ","2019-12-10T00:00:00",9412000000,"Utama","BASIC-IND"
"IGAR","Champion Pacific Indonesia Tbk","1990-11-05T00:00:00",972204500,"UTAMA","BASIC-IND"
"IMPC","Impack Pratama Industri Tbk.","2014-12-17T00:00:00",4833500000,"PENGEMBANGAN","BASIC-IND"
"INAI","Indal Aluminium Industry Tbk.","1994-12-05T00:00:00",633600000,"PENGEMBANGAN","BASIC-IND"
"INCF","Indo Komoditi Korpora Tbk.","1989-12-18T00:00:00",1438370465,"PENGEMBANGAN","BASIC-IND"
"INCI","Intanwijaya Internasional Tbk","1990-07-24T00:00:00",196121237,"UTAMA","BASIC-IND"
"INKP","Indah Kiat Pulp & Paper Tbk.","1990-07-16T00:00:00",5470982941,"Utama","BASIC-IND"
"INOV","Inocycle Technology Group Tbk.","2019-07-10T00:00:00",1808221900,"Pengembangan","BASIC-IND"
"INRU","Toba Pulp Lestari Tbk.","1990-06-18T00:00:00",1388883283,"PENGEMBANGAN","BASIC-IND"
"INTP","Indocement Tunggal Prakarsa Tb","1989-12-05T00:00:00",3681231699,"Utama","BASIC-IND"
"IPOL","Indopoly Swakarsa Industry Tbk","2010-07-09T00:00:00",6443379509,"UTAMA","BASIC-IND"
"ISSP","Steel Pipe Industry of Indones","2013-02-22T00:00:00",7185992035,"UTAMA","BASIC-IND"
"JKSW","Jakarta Kyoei Steel Works Tbk.","1997-08-06T00:00:00",150000000,"PENGEMBANGAN","BASIC-IND"
"JPFA","Japfa Comfeed Indonesia Tbk.","1989-10-23T00:00:00",11726575201,"UTAMA","BASIC-IND"
"KBRI","Kertas Basuki Rachmat Indonesi","2008-07-11T00:00:00",8687995734,"PENGEMBANGAN","BASIC-IND"
"KDSI","Kedawung Setia Industrial Tbk.","1996-07-29T00:00:00",405000000,"PENGEMBANGAN","BASIC-IND"
"KIAS","Keramika Indonesia Assosiasi T","1994-12-08T00:00:00",14929100000,"PENGEMBANGAN","BASIC-IND"
"KMTR","Kirana Megatara Tbk.","2017-06-19T00:00:00",8215366379,"PENGEMBANGAN","BASIC-IND"
"KRAS","Krakatau Steel (Persero) Tbk.","2010-11-10T00:00:00",19346396900,"UTAMA","BASIC-IND"
"LION","Lion Metal Works Tbk.","1993-08-20T00:00:00",520160000,"UTAMA","BASIC-IND"
"LMSH","Lionmesh Prima Tbk.","1990-06-04T00:00:00",96000000,"PENGEMBANGAN","BASIC-IND"
"MAIN","Malindo Feedmill Tbk.","2006-02-10T00:00:00",2238750000,"UTAMA","BASIC-IND"
"MARK","Mark Dynamics Indonesia Tbk.","2017-07-12T00:00:00",3800000310,"PENGEMBANGAN","BASIC-IND"
"MDKI","Emdeki Utama Tbk.","2017-09-25T00:00:00",2530150002,"Pengembangan","BASIC-IND"
"MLIA","Mulia Industrindo Tbk","1994-01-17T00:00:00",1323000000,"PENGEMBANGAN","BASIC-IND"
"MOLI","Madusari Murni Indah Tbk.","2018-08-30T00:00:00",2334888498,"PENGEMBANGAN","BASIC-IND"
"NIKL","Pelat Timah Nusantara Tbk.","2009-12-14T00:00:00",2523350000,"UTAMA","BASIC-IND"
"PBID","Panca Budi Idaman Tbk.","2017-12-13T00:00:00",1875000000,"PENGEMBANGAN","BASIC-IND"
"PICO","Pelangi Indah Canindo Tbk","1996-09-23T00:00:00",568375000,"Pengembangan","BASIC-IND"
"PURE","Trinitan Metals and Minerals T","2019-10-09T00:00:00",1333333500,"Utama","BASIC-IND"
"SINI","Singaraja Putra Tbk.","2019-11-08T00:00:00",450000000,"Pengembangan","BASIC-IND"
"SIPD","Sierad Produce Tbk.","1996-12-27T00:00:00",1339102579,"PENGEMBANGAN","BASIC-IND"
"SMBR","Semen Baturaja (Persero) Tbk.","2013-06-28T00:00:00",9932534336,"Utama","BASIC-IND"
"SMCB","Solusi Bangun Indonesia Tbk.","1977-08-10T00:00:00",7662900000,"UTAMA","BASIC-IND"
"SMGR","Semen Indonesia (Persero) Tbk.","1991-07-08T00:00:00",5931520000,"UTAMA","BASIC-IND"
"SMKL","Satyamitra Kemas Lestari Tbk.","2019-07-11T00:00:00",3400000005,"UTAMA","BASIC-IND"
"SPMA","Suparma Tbk.","1994-11-16T00:00:00",2114570958,"UTAMA","BASIC-IND"
"SRSN","Indo Acidatama Tbk","1993-01-11T00:00:00",6020000000,"UTAMA","BASIC-IND"
"SULI","SLJ Global Tbk.","1994-03-21T00:00:00",3986916802,"Utama","BASIC-IND"
"SWAT","Sriwahana Adityakarta Tbk.","2018-06-08T00:00:00",3019200000,"PENGEMBANGAN","BASIC-IND"
"TALF","Tunas Alfin Tbk.","2014-01-17T00:00:00",1353435000,"PENGEMBANGAN","BASIC-IND"
"TBMS","Tembaga Mulia Semanan Tbk.","1990-05-23T00:00:00",367340000,"Pengembangan","BASIC-IND"
"TDPM","Tridomain Performance Material","2018-04-09T00:00:00",10485050500,"UTAMA","BASIC-IND"
"TIRT","Tirta Mahakam Resources Tbk","1999-12-13T00:00:00",1011774750,"UTAMA","BASIC-IND"
"TKIM","Pabrik Kertas Tjiwi Kimia Tbk.","1990-04-03T00:00:00",3113223570,"Utama","BASIC-IND"
"TOTO","Surya Toto Indonesia Tbk.","1990-10-30T00:00:00",10320000000,"PENGEMBANGAN","BASIC-IND"
"TPIA","Chandra Asri Petrochemical Tbk","1996-06-24T00:00:00",17833520260,"Pengembangan","BASIC-IND"
"TRST","Trias Sentosa Tbk.","1990-07-02T00:00:00",2808000000,"UTAMA","BASIC-IND"
"UNIC","Unggul Indah Cahaya Tbk.","1989-11-06T00:00:00",383331363,"UTAMA","BASIC-IND"
"WSBP","Waskita Beton Precast Tbk.","2016-09-20T00:00:00",26361157534,"Utama","BASIC-IND"
"WTON","Wijaya Karya Beton Tbk.","2014-04-08T00:00:00",8715466600,"UTAMA","BASIC-IND"
"YPAS","Yanaprima Hastapersada Tbk","2008-03-05T00:00:00",668000089,"Pengembangan","BASIC-IND"
"ADES","Akasha Wira International Tbk.","1994-06-13T00:00:00",589896800,"PENGEMBANGAN","CONSUMER"
"AISA","Tiga Pilar Sejahtera Food Tbk.","1997-06-11T00:00:00",3218600000,"Utama","CONSUMER"
"ALTO","Tri Banyan Tirta Tbk.","2012-07-10T00:00:00",2191870558,"UTAMA","CONSUMER"
"BTEK","Bumi Teknokultura Unggul Tbk","2004-05-14T00:00:00",46277496376,"PENGEMBANGAN","CONSUMER"
"BUDI","Budi Starch & Sweetener Tbk.","1995-05-08T00:00:00",4498997362,"UTAMA","CONSUMER"
"CAMP","Campina Ice Cream Industry Tbk","2017-12-19T00:00:00",5885000000,"PENGEMBANGAN","CONSUMER"
"CEKA","Wilmar Cahaya Indonesia Tbk.","1996-07-09T00:00:00",595000000,"Utama","CONSUMER"
"CINT","Chitose Internasional Tbk.","2014-06-27T00:00:00",1000000000,"PENGEMBANGAN","CONSUMER"
"CLEO","Sariguna Primatirta Tbk.","2017-05-05T00:00:00",12000000000,"UTAMA","CONSUMER"
"COCO","Wahana Interfood Nusantara Tbk","2019-03-20T00:00:00",560242305,"PENGEMBANGAN","CONSUMER"
"DLTA","Delta Djakarta Tbk.","1984-02-12T00:00:00",800659050,"UTAMA","CONSUMER"
"DMND","Diamond Food Indonesia Tbk.","2020-01-22T00:00:00",9468359000,"Utama","CONSUMER"
"DVLA","Darya-Varia Laboratoria Tbk.","1994-11-11T00:00:00",1120000000,"UTAMA","CONSUMER"
"FOOD","Sentra Food Indonesia Tbk.","2019-01-08T00:00:00",650000000,"PENGEMBANGAN","CONSUMER"
"GGRM","Gudang Garam Tbk.","1990-08-27T00:00:00",1924088000,"Utama","CONSUMER"
"GOOD","Garudafood Putra Putri Jaya Tb","2018-10-10T00:00:00",7379580291,"UTAMA","CONSUMER"
"HMSP","H.M. Sampoerna Tbk.","1990-08-15T00:00:00",116318076900,"UTAMA","CONSUMER"
"HOKI","Buyung Poetra Sembada Tbk.","2017-06-22T00:00:00",2386305700,"UTAMA","CONSUMER"
"HRTA","Hartadinata Abadi Tbk.","2017-06-21T00:00:00",4605262400,"Utama","CONSUMER"
"ICBP","Indofood CBP Sukses Makmur Tbk","2010-10-07T00:00:00",11661908000,"UTAMA","CONSUMER"
"IIKP","Inti Agri Resources Tbk","2002-10-20T00:00:00",33600000000,"PENGEMBANGAN","CONSUMER"
"IKAN","Era Mandiri Cemerlang Tbk.","2020-02-12T00:00:00",833333000,"Pengembangan","CONSUMER"
"INAF","Indofarma (Persero) Tbk.","2001-04-17T00:00:00",3099267500,"Utama","CONSUMER"
"INDF","Indofood Sukses Makmur Tbk.","1994-07-14T00:00:00",8780426500,"UTAMA","CONSUMER"
"ITIC","Indonesian Tobacco Tbk.","2019-07-04T00:00:00",940720000,"PENGEMBANGAN","CONSUMER"
"KAEF","Kimia Farma (Persero) Tbk.","2001-07-04T00:00:00",5554000000,"UTAMA","CONSUMER"
"KEJU","Mulia Boga Raya Tbk.","2019-11-25T00:00:00",1500000000,"Pengembangan","CONSUMER"
"KICI","Kedaung Indah Can Tbk","1993-10-28T00:00:00",276000000,"UTAMA","CONSUMER"
"KINO","Kino Indonesia Tbk.","2015-12-11T00:00:00",1428571500,"PENGEMBANGAN","CONSUMER"
"KLBF","Kalbe Farma Tbk.","1991-07-30T00:00:00",46875122110,"UTAMA","CONSUMER"
"KPAS","Cottonindo Ariesta Tbk.","2018-10-05T00:00:00",768042782,"Pengembangan","CONSUMER"
"LMPI","Langgeng Makmur Industri Tbk.","1994-10-17T00:00:00",1008517669,"PENGEMBANGAN","CONSUMER"
"MBTO","Martina Berto Tbk.","2011-01-13T00:00:00",1070000000,"Utama","CONSUMER"
"MERK","Merck Tbk.","1981-07-23T00:00:00",448000000,"PENGEMBANGAN","CONSUMER"
"MGNA","Magna Investama Mandiri Tbk.","2014-07-07T00:00:00",1003080977,"Pengembangan","CONSUMER"
"MLBI","Multi Bintang Indonesia Tbk.","1994-01-17T00:00:00",2107000000,"UTAMA","CONSUMER"
"MRAT","Mustika Ratu Tbk.","1995-07-27T00:00:00",428000000,"UTAMA","CONSUMER"
"MYOR","Mayora Indah Tbk.","1990-07-04T00:00:00",22358699725,"UTAMA","CONSUMER"
"PANI","Pratama Abadi Nusa Industri Tb","2018-09-18T00:00:00",410000000,"PENGEMBANGAN","CONSUMER"
"PCAR","Prima Cakrawala Abadi Tbk.","2017-12-29T00:00:00",1166666700,"PENGEMBANGAN","CONSUMER"
"PEHA","Phapros Tbk.","1911-01-01T00:00:00",840000000,"","CONSUMER"
"PSDN","Prasidha Aneka Niaga Tbk","1994-10-18T00:00:00",1440000000,"PENGEMBANGAN","CONSUMER"
"PYFA","Pyridam Farma Tbk","2001-10-16T00:00:00",535080000,"Pengembangan","CONSUMER"
"RMBA","Bentoel Internasional Investam","1990-03-05T00:00:00",36401136250,"UTAMA","CONSUMER"
"ROTI","Nippon Indosari Corpindo Tbk.","2010-06-28T00:00:00",6186488888,"Utama","CONSUMER"
"SCPI","Merck Sharp Dohme Pharma Tbk.","1990-06-08T00:00:00",3600000,"Pengembangan","CONSUMER"
"SIDO","Industri Jamu dan Farmasi Sido","2013-12-18T00:00:00",15000000000,"Utama","CONSUMER"
"SKBM","Sekar Bumi Tbk.","1993-01-05T00:00:00",1726003217,"PENGEMBANGAN","CONSUMER"
"SKLT","Sekar Laut Tbk.","1993-09-08T00:00:00",690740500,"PENGEMBANGAN","CONSUMER"
"STTP","Siantar Top Tbk.","1996-12-16T00:00:00",1310000000,"PENGEMBANGAN","CONSUMER"
"TBLA","Tunas Baru Lampung Tbk.","2000-02-14T00:00:00",5342098939,"Utama","CONSUMER"
"TCID","Mandom Indonesia Tbk.","1993-09-30T00:00:00",201066667,"UTAMA","CONSUMER"
"TSPC","Tempo Scan Pacific Tbk.","1994-06-17T00:00:00",4500000000,"UTAMA","CONSUMER"
"ULTJ","Ultra Jaya Milk Industry & Tra","1990-07-02T00:00:00",11553528000,"UTAMA","CONSUMER"
"UNVR","Unilever Indonesia Tbk.","1982-01-11T00:00:00",38150000000,"UTAMA","CONSUMER"
"WIIM","Wismilak Inti Makmur Tbk.","2012-12-18T00:00:00",2099873760,"UTAMA","CONSUMER"
"WOOD","Integra Indocabinet Tbk.","2017-06-21T00:00:00",6306250000,"PENGEMBANGAN","CONSUMER"
"ABDA","Asuransi Bina Dana Arta Tbk.","1989-07-06T00:00:00",620806680,"Pengembangan","FINANCE"
"ADMF","Adira Dinamika Multi Finance T","2004-03-31T00:00:00",1000000000,"Utama","FINANCE"
"AGRO","Bank Rakyat Indonesia Agroniag","2003-08-08T00:00:00",21129857328,"UTAMA","FINANCE"
"AGRS","Bank IBK Indonesia Tbk.","2014-12-22T00:00:00",7037266148,"Pengembangan","FINANCE"
"AHAP","Asuransi Harta Aman Pratama Tb","1990-09-14T00:00:00",2940000000,"PENGEMBANGAN","FINANCE"
"AMAG","Asuransi Multi Artha Guna Tbk.","2005-12-23T00:00:00",5001552516,"PENGEMBANGAN","FINANCE"
"AMAR","Bank Amar Indonesia Tbk.","2020-01-09T00:00:00",7954749000,"Pengembangan","FINANCE"
"AMOR","Ashmore Asset Management Indon","2020-01-14T00:00:00",1111111200,"Pengembangan","FINANCE"
"APIC","Pacific Strategic Financial Tb","2002-12-18T00:00:00",11766313488,"PENGEMBANGAN","FINANCE"
"ARTO","Bank Artos Indonesia Tbk.","2016-01-12T00:00:00",1194187500,"PENGEMBANGAN","FINANCE"
"ASBI","Asuransi Bintang Tbk.","1989-11-29T00:00:00",348386472,"PENGEMBANGAN","FINANCE"
"ASDM","Asuransi Dayin Mitra Tbk.","1989-12-15T00:00:00",192000000,"PENGEMBANGAN","FINANCE"
"ASJT","Asuransi Jasa Tania Tbk.","2003-12-29T00:00:00",600000000,"Pengembangan","FINANCE"
"ASMI","Asuransi Kresna Mitra Tbk.","2014-01-16T00:00:00",8958380460,"Utama","FINANCE"
"ASRM","Asuransi Ramayana Tbk.","1990-03-19T00:00:00",234064634,"PENGEMBANGAN","FINANCE"
"BABP","Bank MNC Internasional Tbk.","2002-07-15T00:00:00",25061669637,"PENGEMBANGAN","FINANCE"
"BACA","Bank Capital Indonesia Tbk.","2007-10-04T00:00:00",6999771107,"PENGEMBANGAN","FINANCE"
"BBCA","Bank Central Asia Tbk.","2000-05-31T00:00:00",24408459900,"UTAMA","FINANCE"
"BBHI","Bank Harda Internasional Tbk.","2015-08-12T00:00:00",4142587477,"PENGEMBANGAN","FINANCE"
"BBKP","Bank Bukopin Tbk.","2006-07-10T00:00:00",11535389661,"Utama","FINANCE"
"BBLD","Buana Finance Tbk.","1990-05-07T00:00:00",1645796054,"PENGEMBANGAN","FINANCE"
"BBMD","Bank Mestika Dharma Tbk.","2013-07-08T00:00:00",4049189100,"UTAMA","FINANCE"
"BBNI","Bank Negara Indonesia (Persero","1996-11-25T00:00:00",18462169893,"UTAMA","FINANCE"
"BBRI","Bank Rakyat Indonesia (Persero","2003-11-10T00:00:00",122112351900,"Utama","FINANCE"
"BBTN","Bank Tabungan Negara (Persero)","2009-12-17T00:00:00",10484100000,"Utama","FINANCE"
"BBYB","Bank Yudha Bhakti Tbk.","2015-01-13T00:00:00",6100164280,"UTAMA","FINANCE"
"BCAP","MNC Kapital Indonesia Tbk.","2001-06-08T00:00:00",39760851927,"Utama","FINANCE"
"BCIC","Bank JTrust Indonesia Tbk.","1997-06-25T00:00:00",9912003256,"Pengembangan","FINANCE"
"BDMN","Bank Danamon Indonesia Tbk.","1989-12-06T00:00:00",9675817341,"UTAMA","FINANCE"
"BEKS","Bank Pembangunan Daerah Banten","2001-07-13T00:00:00",63468336053,"PENGEMBANGAN","FINANCE"
"BFIN","BFI Finance  Indonesia Tbk.","1990-05-16T00:00:00",15967115620,"PENGEMBANGAN","FINANCE"
"BGTG","Bank Ganesha Tbk.","2016-05-12T00:00:00",11063309400,"PENGEMBANGAN","FINANCE"
"BINA","Bank Ina Perdana Tbk.","2014-01-16T00:00:00",5597831250,"Utama","FINANCE"
"BJBR","Bank Pembangunan Daerah Jawa B","2010-07-08T00:00:00",9740399289,"Utama","FINANCE"
"BJTM","Bank Pembangunan Daerah Jawa T","2012-07-12T00:00:00",14861277096,"UTAMA","FINANCE"
"BKSW","Bank QNB Indonesia Tbk.","2002-11-21T00:00:00",20232319124,"Pengembangan","FINANCE"
"BMAS","Bank Maspion Indonesia Tbk.","2013-07-11T00:00:00",4399026922,"PENGEMBANGAN","FINANCE"
"BMRI","Bank Mandiri (Persero) Tbk.","2003-07-14T00:00:00",46199999998,"Utama","FINANCE"
"BNBA","Bank Bumi Arta Tbk.","2006-06-01T00:00:00",2286900000,"PENGEMBANGAN","FINANCE"
"BNGA","Bank CIMB Niaga Tbk.","1989-11-29T00:00:00",24880290775,"Utama","FINANCE"
"BNII","Bank Maybank Indonesia Tbk.","1989-11-21T00:00:00",75357433911,"Utama","FINANCE"
"BNLI","Bank Permata Tbk.","1990-01-15T00:00:00",27762311813,"UTAMA","FINANCE"
"BPFI","Batavia Prosperindo Finance Tb","2009-06-01T00:00:00",1782663575,"PENGEMBANGAN","FINANCE"
"BPII","Batavia Prosperindo Internasio","2014-07-08T00:00:00",562224662,"PENGEMBANGAN","FINANCE"
"BRIS","Bank BRIsyariah Tbk.","1911-01-01T00:00:00",9618952363,"UTAMA","FINANCE"
"BSIM","Bank Sinarmas Tbk.","2010-12-13T00:00:00",17263894926,"UTAMA","FINANCE"
"BSWD","Bank Of India Indonesia Tbk.","2002-05-01T00:00:00",1374912000,"Pengembangan","FINANCE"
"BTPN","Bank BTPN Tbk.","2008-03-12T00:00:00",8065879461,"Utama","FINANCE"
"BTPS","Bank Tabungan Pensiunan Nasion","2018-05-08T00:00:00",7626663000,"Utama","FINANCE"
"BVIC","Bank Victoria International Tb","1999-06-30T00:00:00",8862427568,"Utama","FINANCE"
"CASA","Capital Financial Indonesia Tb","2016-07-19T00:00:00",54476242442,"PENGEMBANGAN","FINANCE"
"CFIN","Clipan Finance Indonesia Tbk.","1990-10-02T00:00:00",3984520457,"UTAMA","FINANCE"
"DEFI","Danasupra Erapacific Tbk.","2001-07-06T00:00:00",687266666,"PENGEMBANGAN","FINANCE"
"DNAR","Bank Oke Indonesia Tbk.","2014-07-11T00:00:00",8787562275,"Utama","FINANCE"
"FINN","First Indo American Leasing Tb","2017-06-08T00:00:00",1860225000,"PENGEMBANGAN","FINANCE"
"FUJI","Fuji Finance Indonesia Tbk.","2019-07-09T00:00:00",1105000000,"PENGEMBANGAN","FINANCE"
"GSMF","Equity Development Investment ","1989-10-13T00:00:00",7454723337,"PENGEMBANGAN","FINANCE"
"HDFA","Radana Bhaskara Finance Tbk.","2011-05-10T00:00:00",6096972783,"UTAMA","FINANCE"
"IBFN","Intan Baruprana Finance Tbk.","2014-12-22T00:00:00",1517321249,"PENGEMBANGAN","FINANCE"
"IMJS","Indomobil Multi Jasa Tbk.","2013-12-10T00:00:00",5769550000,"UTAMA","FINANCE"
"INPC","Bank Artha Graha Internasional","1990-08-29T00:00:00",15638233267,"UTAMA","FINANCE"
"JMAS","Asuransi Jiwa Syariah Jasa Mit","2017-12-18T00:00:00",1000000000,"Pengembangan","FINANCE"
"LIFE","Asuransi Jiwa Sinarmas MSIG Tb","2019-07-09T00:00:00",2100000000,"UTAMA","FINANCE"
"LPGI","Lippo General Insurance Tbk.","1997-07-22T00:00:00",150000000,"UTAMA","FINANCE"
"LPPS","Lippo Securities Tbk.","1994-03-28T00:00:00",2588250000,"PENGEMBANGAN","FINANCE"
"MAYA","Bank Mayapada Internasional Tb","1997-08-29T00:00:00",6764086593,"Utama","FINANCE"
"MCOR","Bank China Construction Bank I","2007-07-03T00:00:00",16465148150,"UTAMA","FINANCE"
"MEGA","Bank Mega Tbk.","2000-04-17T00:00:00",6894138227,"UTAMA","FINANCE"
"MFIN","Mandala Multifinance Tbk.","2005-09-06T00:00:00",2650000000,"Pengembangan","FINANCE"
"MREI","Maskapai Reasuransi Indonesia ","1989-09-04T00:00:00",517791681,"PENGEMBANGAN","FINANCE"
"MTWI","Malacca Trust Wuwungan Insuran","2017-10-11T00:00:00",1525819116,"PENGEMBANGAN","FINANCE"
"NISP","Bank OCBC NISP Tbk.","1994-10-20T00:00:00",22715776032,"UTAMA","FINANCE"
"NOBU","Bank Nationalnobu Tbk.","2013-05-20T00:00:00",4393533177,"UTAMA","FINANCE"
"PADI","Minna Padi Investama Sekuritas","2012-01-09T00:00:00",11307246524,"Utama","FINANCE"
"PANS","Panin Sekuritas Tbk.","2000-12-31T00:00:00",720000000,"UTAMA","FINANCE"
"PNBN","Bank Pan Indonesia Tbk","1982-12-29T00:00:00",23837645998,"Utama","FINANCE"
"PNBS","Bank Panin Dubai Syariah Tbk.","2014-01-15T00:00:00",23719447472,"UTAMA","FINANCE"
"PNIN","Paninvest Tbk.","1983-09-20T00:00:00",4068323920,"UTAMA","FINANCE"
"PNLF","Panin Financial Tbk.","1993-06-14T00:00:00",32022073293,"UTAMA","FINANCE"
"POLA","Pool Advista Finance Tbk.","2018-11-16T00:00:00",2727886300,"PENGEMBANGAN","FINANCE"
"RELI","Reliance Sekuritas Indonesia T","2005-07-13T00:00:00",1800000000,"UTAMA","FINANCE"
"SDRA","Bank Woori Saudara Indonesia 1","2006-12-15T00:00:00",6515116991,"UTAMA","FINANCE"
"SMMA","Sinarmas Multiartha Tbk.","1995-07-05T00:00:00",6367664717,"Utama","FINANCE"
"TIFA","Tifa Finance Tbk.","2011-07-08T00:00:00",1079700000,"Pengembangan","FINANCE"
"TRIM","Trimegah Sekuritas Indonesia T","2000-01-31T00:00:00",7109300000,"UTAMA","FINANCE"
"TRUS","Trust Finance Indonesia Tbk","2002-11-28T00:00:00",800000000,"PENGEMBANGAN","FINANCE"
"TUGU","Asuransi Tugu Pratama Indonesi","2018-05-28T00:00:00",1777777800,"Pengembangan","FINANCE"
"VICO","Victoria Investama Tbk.","2013-07-08T00:00:00",9150094680,"Utama","FINANCE"
"VINS","Victoria Insurance Tbk.","2015-09-28T00:00:00",1456606201,"PENGEMBANGAN","FINANCE"
"VRNA","Verena Multi Finance Tbk.","2008-06-25T00:00:00",5687353997,"Pengembangan","FINANCE"
"WOMF","Wahana Ottomitra Multiartha Tb","2004-12-13T00:00:00",3481481480,"UTAMA","FINANCE"
"YULE","Yulie Sekuritas Indonesia Tbk.","2004-12-10T00:00:00",1785000000,"PENGEMBANGAN","FINANCE"
"AKSI","Maming Enam Sembilan Mineral T","2001-07-13T00:00:00",720000000,"Pengembangan","INFRASTRUCT"
"APOL","Arpeni Pratama Ocean Line Tbk.","2005-06-22T00:00:00",16452282461,"UTAMA","INFRASTRUCT"
"ASSA","Adi Sarana Armada Tbk.","2012-11-12T00:00:00",3397500000,"UTAMA","INFRASTRUCT"
"BALI","Bali Towerindo Sentra Tbk.","2014-03-13T00:00:00",3934592500,"Pengembangan","INFRASTRUCT"
"BBRM","Pelayaran Nasional Bina Buana ","2013-01-09T00:00:00",5367076248,"Utama","INFRASTRUCT"
"BIRD","Blue Bird Tbk.","2014-11-05T00:00:00",2502100000,"UTAMA","INFRASTRUCT"
"BLTA","Berlian Laju Tanker Tbk","1990-03-26T00:00:00",25940187103,"UTAMA","INFRASTRUCT"
"BPTR","Batavia Prosperindo Trans Tbk.","2018-07-09T00:00:00",1550000000,"UTAMA","INFRASTRUCT"
"BTEL","Bakrie Telecom Tbk.","2006-02-03T00:00:00",36822665755,"UTAMA","INFRASTRUCT"
"BUKK","Bukaka Teknik Utama Tbk.","1995-01-09T00:00:00",2640452000,"Pengembangan","INFRASTRUCT"
"BULL","Buana Lintas Lautan Tbk.","2011-05-23T00:00:00",11729461681,"Utama","INFRASTRUCT"
"CANI","Capitol Nusantara Indonesia Tb","2014-01-16T00:00:00",833440000,"UTAMA","INFRASTRUCT"
"CASS","Cardig Aero Services Tbk.","2011-12-05T00:00:00",2086950000,"PENGEMBANGAN","INFRASTRUCT"
"CENT","Centratama Telekomunikasi Indo","2001-11-01T00:00:00",31183464900,"PENGEMBANGAN","INFRASTRUCT"
"CMNP","Citra Marga Nusaphala Persada ","1995-01-10T00:00:00",3620831944,"UTAMA","INFRASTRUCT"
"CMPP","AirAsia Indonesia Tbk.","1994-12-08T00:00:00",10685124441,"PENGEMBANGAN","INFRASTRUCT"
"DEAL","Dewata Freightinternational Tb","2018-11-09T00:00:00",1132748008,"PENGEMBANGAN","INFRASTRUCT"
"EXCL","XL Axiata Tbk.","2005-09-29T00:00:00",10687960423,"Utama","INFRASTRUCT"
"FREN","Smartfren Telecom Tbk.","2006-11-29T00:00:00",217964239615,"UTAMA","INFRASTRUCT"
"GHON","Gihon Telekomunikasi Indonesia","2018-04-09T00:00:00",550000000,"Utama","INFRASTRUCT"
"GIAA","Garuda Indonesia (Persero) Tbk","2011-02-11T00:00:00",25886576254,"Utama","INFRASTRUCT"
"GOLD","Visi Telekomunikasi Infrastruk","2010-07-07T00:00:00",1277276000,"PENGEMBANGAN","INFRASTRUCT"
"HELI","Jaya Trishindo Tbk.","2018-03-27T00:00:00",819000000,"Pengembangan","INFRASTRUCT"
"HITS","Humpuss Intermoda Transportasi","1997-12-15T00:00:00",7101084801,"UTAMA","INFRASTRUCT"
"IATA","Indonesia Transport & Infrastr","2006-09-13T00:00:00",10697665114,"PENGEMBANGAN","INFRASTRUCT"
"IBST","Inti Bangun Sejahtera Tbk.","2012-08-31T00:00:00",1350904927,"UTAMA","INFRASTRUCT"
"IPCC","Indonesia Kendaraan Terminal T","2018-07-09T00:00:00",1818384820,"PENGEMBANGAN","INFRASTRUCT"
"IPCM","Jasa Armada Indonesia Tbk.","2017-12-22T00:00:00",5284811100,"Pengembangan","INFRASTRUCT"
"ISAT","Indosat Tbk.","1994-10-19T00:00:00",5433933500,"UTAMA","INFRASTRUCT"
"JAST","Jasnita Telekomindo Tbk.","2019-05-16T00:00:00",813626700,"PENGEMBANGAN","INFRASTRUCT"
"JAYA","Armada Berjaya Trans Tbk.","2019-02-21T00:00:00",375000105,"PENGEMBANGAN","INFRASTRUCT"
"JSMR","Jasa Marga (Persero) Tbk.","2007-11-12T00:00:00",7257871200,"Utama","INFRASTRUCT"
"KARW","ICTSI Jasa Prima Tbk.","2008-12-20T00:00:00",587152700,"PENGEMBANGAN","INFRASTRUCT"
"KEEN","Kencana Energi Lestari Tbk.","2019-09-02T00:00:00",3666312500,"Utama","INFRASTRUCT"
"KJEN","Krida Jaringan Nusantara Tbk.","2019-07-01T00:00:00",500000000,"PENGEMBANGAN","INFRASTRUCT"
"KOPI","Mitra Energi Persada Tbk.","2015-05-04T00:00:00",697266668,"PENGEMBANGAN","INFRASTRUCT"
"LAPD","Leyand International Tbk.","2001-07-17T00:00:00",3966350139,"PENGEMBANGAN","INFRASTRUCT"
"LCKM","LCK Global Kedaton Tbk.","2018-01-16T00:00:00",1000000000,"PENGEMBANGAN","INFRASTRUCT"
"LEAD","Logindo Samudramakmur Tbk.","2013-12-11T00:00:00",4049616328,"Utama","INFRASTRUCT"
"LRNA","Eka Sari Lorena Transport Tbk.","2014-04-15T00:00:00",350000022,"PENGEMBANGAN","INFRASTRUCT"
"MBSS","Mitrabahtera Segara Sejati Tbk","2011-04-06T00:00:00",1750026639,"UTAMA","INFRASTRUCT"
"META","Nusantara Infrastructure Tbk.","2001-07-18T00:00:00",17710708194,"UTAMA","INFRASTRUCT"
"MIRA","Mitra International Resources ","1997-01-30T00:00:00",3961452039,"PENGEMBANGAN","INFRASTRUCT"
"MPOW","Megapower Makmur Tbk.","2017-07-05T00:00:00",816997053,"PENGEMBANGAN","INFRASTRUCT"
"MTPS","Meta Epsi Tbk.","2019-04-10T00:00:00",2084775379,"PENGEMBANGAN","INFRASTRUCT"
"NELY","Pelayaran Nelly Dwi Putri Tbk.","2012-10-11T00:00:00",2350000000,"PENGEMBANGAN","INFRASTRUCT"
"OASA","Protech Mitra Perkasa Tbk.","2016-07-18T00:00:00",358600000,"PENGEMBANGAN","INFRASTRUCT"
"PGAS","Perusahaan Gas Negara Tbk.","2003-12-15T00:00:00",24241508196,"UTAMA","INFRASTRUCT"
"PORT","Nusantara Pelabuhan Handal Tbk","2017-03-16T00:00:00",2813941985,"Pengembangan","INFRASTRUCT"
"POWR","Cikarang Listrindo Tbk.","2016-06-14T00:00:00",16087156000,"UTAMA","INFRASTRUCT"
"PPRE","PP Presisi Tbk.","2017-11-24T00:00:00",10224271000,"UTAMA","INFRASTRUCT"
"PSSI","Pelita Samudera Shipping Tbk.","2017-12-05T00:00:00",5417063153,"PENGEMBANGAN","INFRASTRUCT"
"PTIS","Indo Straits Tbk.","2011-07-12T00:00:00",550165300,"UTAMA","INFRASTRUCT"
"PTPW","Pratama Widya Tbk.","2020-02-07T00:00:00",878187500,"Pengembangan","INFRASTRUCT"
"PURA","Putra Rajawali Kencana Tbk.","2020-01-29T00:00:00",5301463280,"Pengembangan","INFRASTRUCT"
"RAJA","Rukun Raharja Tbk.","2006-04-19T00:00:00",4227082500,"UTAMA","INFRASTRUCT"
"RIGS","Rig Tenders Indonesia Tbk.","1990-03-26T00:00:00",609130000,"PENGEMBANGAN","INFRASTRUCT"
"SAFE","Steady Safe Tbk","1994-08-15T00:00:00",615145012,"PENGEMBANGAN","INFRASTRUCT"
"SAPX","Satria Antaran Prima Tbk.","2018-10-03T00:00:00",833333300,"PENGEMBANGAN","INFRASTRUCT"
"SDMU","Sidomulyo Selaras Tbk.","2011-07-12T00:00:00",1135225000,"Pengembangan","INFRASTRUCT"
"SHIP","Sillo Maritime Perdana Tbk.","2016-06-16T00:00:00",2719790000,"PENGEMBANGAN","INFRASTRUCT"
"SMDR","Samudera Indonesia  Tbk.","1999-12-05T00:00:00",3275120000,"Utama","INFRASTRUCT"
"SOCI","Soechi Lines Tbk.","2014-12-03T00:00:00",7059000000,"UTAMA","INFRASTRUCT"
"SUPR","Solusi Tunas Pratama Tbk.","2011-10-11T00:00:00",1137579698,"PENGEMBANGAN","INFRASTRUCT"
"TAMU","Pelayaran Tamarin Samudra Tbk.","2017-05-10T00:00:00",37500000000,"PENGEMBANGAN","INFRASTRUCT"
"TAXI","Express Transindo Utama Tbk.","2012-11-02T00:00:00",6145600000,"UTAMA","INFRASTRUCT"
"TBIG","Tower Bersama Infrastructure T","2010-10-26T00:00:00",22656999445,"UTAMA","INFRASTRUCT"
"TCPI","Transcoal Pacific Tbk.","2018-07-06T00:00:00",5000000000,"PENGEMBANGAN","INFRASTRUCT"
"TEBE","Dana Brata Luhur Tbk.","2019-11-18T00:00:00",1285000000,"Pengembangan","INFRASTRUCT"
"TGRA","Terregra Asia Energy Tbk.","2017-05-16T00:00:00",2750000000,"UTAMA","INFRASTRUCT"
"TLKM","Telekomunikasi Indonesia (Pers","1995-11-14T00:00:00",99062216600,"UTAMA","INFRASTRUCT"
"TMAS","Temas Tbk.","2003-07-09T00:00:00",5705150000,"Utama","INFRASTRUCT"
"TNCA","Trimuda Nuansa Citra Tbk.","2018-06-28T00:00:00",421640000,"PENGEMBANGAN","INFRASTRUCT"
"TOWR","Sarana Menara Nusantara Tbk.","2010-03-08T00:00:00",51014625000,"Utama","INFRASTRUCT"
"TPMA","Trans Power Marine Tbk.","2013-02-20T00:00:00",2633300000,"PENGEMBANGAN","INFRASTRUCT"
"TRUK","Guna Timur Raya Tbk.","2018-05-23T00:00:00",435000000,"PENGEMBANGAN","INFRASTRUCT"
"WEHA","WEHA Transportasi Indonesia Tb","2007-05-31T00:00:00",886411265,"UTAMA","INFRASTRUCT"
"WINS","Wintermar Offshore Marine Tbk.","2010-11-29T00:00:00",4243011640,"UTAMA","INFRASTRUCT"
"ADRO","Adaro Energy Tbk.","2008-07-16T00:00:00",31985962000,"Utama","MINING"
"ANTM","Aneka Tambang Tbk.","1997-11-27T00:00:00",24030764725,"UTAMA","MINING"
"APEX","Apexindo Pratama Duta Tbk.","2002-07-10T00:00:00",2659850000,"Utama","MINING"
"ARII","Atlas Resources Tbk.","2011-11-08T00:00:00",3000000000,"PENGEMBANGAN","MINING"
"ARTI","Ratu Prabu Energi Tbk","2003-04-30T00:00:00",7840000000,"UTAMA","MINING"
"BIPI","Astrindo Nusantara Infrastrukt","2010-02-11T00:00:00",44693066193,"Pengembangan","MINING"
"BOSS","Borneo Olah Sarana Sukses Tbk.","2018-02-15T00:00:00",1400000000,"PENGEMBANGAN","MINING"
"BRMS","Bumi Resources Minerals Tbk.","2010-12-09T00:00:00",62322456902,"PENGEMBANGAN","MINING"
"BSSR","Baramulti Suksessarana Tbk.","2012-11-08T00:00:00",2616500000,"PENGEMBANGAN","MINING"
"BUMI","Bumi Resources Tbk.","1990-07-30T00:00:00",67083871480,"PENGEMBANGAN","MINING"
"BYAN","Bayan Resources Tbk.","2008-08-12T00:00:00",3333333500,"UTAMA","MINING"
"CITA","Cita Mineral Investindo Tbk.","2002-03-20T00:00:00",3960361250,"PENGEMBANGAN","MINING"
"CKRA","Cakra Mineral Tbk.","1999-05-19T00:00:00",5106021090,"PENGEMBANGAN","MINING"
"CTTH","Citatah Tbk.","1996-07-03T00:00:00",1230839821,"Pengembangan","MINING"
"DEWA","Darma Henwa Tbk","2007-09-26T00:00:00",21853733792,"UTAMA","MINING"
"DKFT","Central Omega Resources Tbk.","1997-11-21T00:00:00",5638246600,"PENGEMBANGAN","MINING"
"DOID","Delta Dunia Makmur Tbk.","2001-06-15T00:00:00",8619817982,"PENGEMBANGAN","MINING"
"DSSA","Dian Swastatika Sentosa Tbk","2009-12-10T00:00:00",770552320,"UTAMA","MINING"
"ELSA","Elnusa Tbk.","2008-02-06T00:00:00",7298500000,"UTAMA","MINING"
"ENRG","Energi Mega Persada Tbk.","2004-06-07T00:00:00",10342179272,"PENGEMBANGAN","MINING"
"ESSA","Surya Esa Perkasa Tbk.","2012-02-01T00:00:00",14300000000,"Utama","MINING"
"FIRE","Alfa Energi Investama Tbk.","2017-06-09T00:00:00",1475363179,"PENGEMBANGAN","MINING"
"GEMS","Golden Energy Mines Tbk.","2011-11-17T00:00:00",5882353000,"UTAMA","MINING"
"GTBO","Garda Tujuh Buana Tbk","2009-07-09T00:00:00",2500000000,"PENGEMBANGAN","MINING"
"HRUM","Harum Energy Tbk.","2010-10-06T00:00:00",2703620000,"Utama","MINING"
"IFSH","Ifishdeco Tbk.","2019-12-05T00:00:00",2125000000,"Pengembangan","MINING"
"INCO","Vale Indonesia Tbk.","1990-05-16T00:00:00",9936338720,"UTAMA","MINING"
"INDY","Indika Energy Tbk.","2008-06-11T00:00:00",5210192000,"Utama","MINING"
"ITMG","Indo Tambangraya Megah Tbk.","2007-12-18T00:00:00",1129925000,"UTAMA","MINING"
"KKGI","Resource Alam Indonesia Tbk.","1991-07-01T00:00:00",5000000000,"UTAMA","MINING"
"MBAP","Mitrabara Adiperdana Tbk.","2014-07-10T00:00:00",1227271952,"PENGEMBANGAN","MINING"
"MDKA","Merdeka Copper Gold Tbk.","2015-06-19T00:00:00",21897591650,"PENGEMBANGAN","MINING"
"MEDC","Medco Energi Internasional Tbk","1994-10-12T00:00:00",17920453606,"Utama","MINING"
"MITI","Mitra Investindo Tbk.","1997-07-16T00:00:00",1411550800,"PENGEMBANGAN","MINING"
"MTFN","Capitalinc Investment Tbk.","1990-04-16T00:00:00",31842082852,"PENGEMBANGAN","MINING"
"MYOH","Samindo Resources Tbk.","2000-07-27T00:00:00",2206312500,"Utama","MINING"
"PKPK","Perdana Karya Perkasa Tbk","2007-07-11T00:00:00",600000000,"PENGEMBANGAN","MINING"
"PSAB","J Resources Asia Pasifik Tbk.","2003-04-22T00:00:00",26460000000,"Pengembangan","MINING"
"PTBA","Bukit Asam Tbk.","2002-12-23T00:00:00",11520659250,"UTAMA","MINING"
"PTRO","Petrosea Tbk.","1990-05-21T00:00:00",1008605000,"Utama","MINING"
"RUIS","Radiant Utama Interinsco Tbk.","2006-07-12T00:00:00",770000000,"Pengembangan","MINING"
"SMMT","Golden Eagle Energy Tbk.","2007-12-01T00:00:00",3150000000,"PENGEMBANGAN","MINING"
"SMRU","SMR Utama Tbk.","2011-10-10T00:00:00",12499385782,"PENGEMBANGAN","MINING"
"SURE","Super Energy Tbk.","2018-10-05T00:00:00",1497576771,"PENGEMBANGAN","MINING"
"TINS","Timah Tbk.","1995-10-19T00:00:00",7447753454,"Utama","MINING"
"TOBA","Toba Bara Sejahtra Tbk.","2012-07-06T00:00:00",8049964000,"UTAMA","MINING"
"TRAM","Trada Alam Minera Tbk.","2008-09-10T00:00:00",49643625618,"Utama","MINING"
"WOWS","Ginting Jaya Energi Tbk.","2019-11-08T00:00:00",2475720000,"Pengembangan","MINING"
"ZINC","Kapuas Prima Coal Tbk.","2017-10-16T00:00:00",25250000000,"PENGEMBANGAN","MINING"
"AMIN","Ateliers Mecaniques D Indonesi","2015-12-10T00:00:00",1080000000,"PENGEMBANGAN","MISC-IND"
"ARGO","Argo Pantes Tbk","1991-01-07T00:00:00",335557450,"PENGEMBANGAN","MISC-IND"
"ARKA","Arkha Jayanti Persada Tbk.","2019-07-10T00:00:00",2000000000,"PENGEMBANGAN","MISC-IND"
"ASII","Astra International Tbk.","1990-04-04T00:00:00",40483553140,"Utama","MISC-IND"
"AUTO","Astra Otoparts Tbk.","1998-06-15T00:00:00",4819733000,"UTAMA","MISC-IND"
"BATA","Sepatu Bata Tbk.","1982-03-24T00:00:00",1300000000,"Utama","MISC-IND"
"BELL","Trisula Textile Industries Tbk","2017-10-03T00:00:00",1450000000,"PENGEMBANGAN","MISC-IND"
"BIMA","Primarindo Asia Infrastructure","1994-08-30T00:00:00",608175716,"PENGEMBANGAN","MISC-IND"
"BOLT","Garuda Metalindo Tbk.","2015-07-07T00:00:00",2343750000,"PENGEMBANGAN","MISC-IND"
"BRAM","Indo Kordsa Tbk.","1990-09-05T00:00:00",450000000,"Utama","MISC-IND"
"CCSI","Communication Cable Systems In","2019-06-18T00:00:00",1000000000,"Pengembangan","MISC-IND"
"CNTX","Century Textile Industry Tbk.","1979-05-22T00:00:00",70000000,"PENGEMBANGAN","MISC-IND"
"ERTX","Eratex Djaja Tbk.","1990-08-21T00:00:00",1286539792,"PENGEMBANGAN","MISC-IND"
"ESTI","Ever Shine Tex Tbk.","1992-10-13T00:00:00",2015208720,"UTAMA","MISC-IND"
"GDYR","Goodyear Indonesia Tbk.","1980-12-22T00:00:00",410000000,"Utama","MISC-IND"
"GJTL","Gajah Tunggal Tbk.","1990-05-08T00:00:00",3484800000,"UTAMA","MISC-IND"
"GMFI","Garuda Maintenance Facility Ae","2017-10-10T00:00:00",28233511500,"UTAMA","MISC-IND"
"HDTX","Panasia Indo Resources Tbk.","1990-06-06T00:00:00",3601462800,"UTAMA","MISC-IND"
"IKBI","Sumi Indo Kabel Tbk.","1991-01-21T00:00:00",1224000000,"PENGEMBANGAN","MISC-IND"
"IMAS","Indomobil Sukses Internasional","1993-11-15T00:00:00",2765278412,"Utama","MISC-IND"
"INDR","Indo-Rama Synthetics Tbk.","1990-08-03T00:00:00",654351707,"UTAMA","MISC-IND"
"INDS","Indospring Tbk.","1990-08-10T00:00:00",656249710,"UTAMA","MISC-IND"
"JECC","Jembo Cable Company Tbk.","1992-11-18T00:00:00",151200000,"PENGEMBANGAN","MISC-IND"
"JSKY","Sky Energy Indonesia Tbk.","2018-03-28T00:00:00",2032540000,"UTAMA","MISC-IND"
"KBLI","KMI Wire & Cable Tbk.","1992-07-06T00:00:00",4007235107,"Utama","MISC-IND"
"KBLM","Kabelindo Murni Tbk.","1992-06-01T00:00:00",1120000000,"PENGEMBANGAN","MISC-IND"
"KPAL","Steadfast Marine Tbk.","2018-06-08T00:00:00",1069009400,"UTAMA","MISC-IND"
"KRAH","Grand Kartech Tbk.","2013-11-08T00:00:00",971190000,"PENGEMBANGAN","MISC-IND"
"LPIN","Multi Prima Sejahtera Tbk","1990-02-05T00:00:00",425000000,"PENGEMBANGAN","MISC-IND"
"MASA","Multistrada Arah Sarana Tbk.","2005-06-09T00:00:00",9182946945,"UTAMA","MISC-IND"
"MYTX","Asia Pacific Investama Tbk.","1989-10-10T00:00:00",7747281949,"Utama","MISC-IND"
"NIPS","Nipress Tbk.","1991-07-24T00:00:00",1635333332,"PENGEMBANGAN","MISC-IND"
"PBRX","Pan Brothers Tbk.","1990-08-16T00:00:00",6478295611,"UTAMA","MISC-IND"
"POLU","Golden Flower Tbk.","2019-06-26T00:00:00",750000000,"Pengembangan","MISC-IND"
"POLY","Asia Pacific Fibers Tbk","1991-03-12T00:00:00",2495753334,"PENGEMBANGAN","MISC-IND"
"PRAS","Prima Alloy Steel Universal Tb","1990-07-12T00:00:00",701043478,"UTAMA","MISC-IND"
"PTSN","Sat Nusapersada Tbk","2007-11-08T00:00:00",5314344000,"Utama","MISC-IND"
"RICY","Ricky Putra Globalindo Tbk","1998-01-22T00:00:00",641717510,"UTAMA","MISC-IND"
"SCCO","Supreme Cable Manufacturing & ","1982-07-20T00:00:00",205583400,"UTAMA","MISC-IND"
"SLIS","Gaya Abadi Sempurna Tbk.","2019-10-07T00:00:00",2000000000,"Pengembangan","MISC-IND"
"SMSM","Selamat Sempurna Tbk.","1996-09-09T00:00:00",5758675440,"UTAMA","MISC-IND"
"SRIL","Sri Rejeki Isman Tbk.","2013-06-17T00:00:00",20452176844,"Utama","MISC-IND"
"SSTM","Sunson Textile Manufacture Tbk","1997-08-20T00:00:00",1170909181,"Pengembangan","MISC-IND"
"STAR","Buana Artha Anugerah Tbk.","2011-07-13T00:00:00",4800000602,"UTAMA","MISC-IND"
"TFCO","Tifico Fiber Indonesia Tbk.","1980-02-26T00:00:00",4823076400,"Pengembangan","MISC-IND"
"TRIS","Trisula International Tbk.","2012-06-28T00:00:00",3141443806,"Pengembangan","MISC-IND"
"UCID","Uni-Charm Indonesia Tbk.","2019-12-20T00:00:00",4156572300,"Utama","MISC-IND"
"UNIT","Nusantara Inti Corpora Tbk","2002-04-18T00:00:00",75422200,"PENGEMBANGAN","MISC-IND"
"VOKS","Voksel Electric Tbk.","1990-12-20T00:00:00",4155602595,"UTAMA","MISC-IND"
"ZONE","Mega Perintis Tbk.","2018-12-12T00:00:00",870171478,"PENGEMBANGAN","MISC-IND"
"ACST","Acset Indonusa Tbk.","2013-06-24T00:00:00",700000000,"UTAMA","PROPERTY"
"ADHI","Adhi Karya (Persero) Tbk.","2004-03-18T00:00:00",3560849376,"UTAMA","PROPERTY"
"APLN","Agung Podomoro Land Tbk.","2010-11-11T00:00:00",19364561700,"Utama","PROPERTY"
"ARMY","Armidian Karyatama Tbk.","2017-06-21T00:00:00",9006250000,"PENGEMBANGAN","PROPERTY"
"ASPI","Andalan Sakti Primaindo Tbk.","2020-02-17T00:00:00",680000000,"Pengembangan","PROPERTY"
"ASRI","Alam Sutera Realty Tbk.","2007-12-18T00:00:00",19649411888,"Utama","PROPERTY"
"BAPA","Bekasi Asri Pemula Tbk.","2008-01-14T00:00:00",661784520,"Utama","PROPERTY"
"BAPI","Bhakti Agung Propertindo Tbk.","2019-09-16T00:00:00",5591740000,"Pengembangan","PROPERTY"
"BCIP","Bumi Citra Permai Tbk.","2009-12-11T00:00:00",1429915525,"PENGEMBANGAN","PROPERTY"
"BEST","Bekasi Fajar Industrial Estate","2012-04-10T00:00:00",9647311150,"Utama","PROPERTY"
"BIKA","Binakarya Jaya Abadi Tbk.","2015-07-14T00:00:00",592280000,"PENGEMBANGAN","PROPERTY"
"BIPP","Bhuwanatala Indah Permai Tbk.","1995-10-23T00:00:00",5028669338,"Pengembangan","PROPERTY"
"BKDP","Bukit Darmo Property Tbk","2007-06-15T00:00:00",7513992252,"Pengembangan","PROPERTY"
"BKSL","Sentul City Tbk.","1997-07-28T00:00:00",55258667781,"UTAMA","PROPERTY"
"BSDE","Bumi Serpong Damai Tbk.","2008-06-06T00:00:00",19246696192,"Utama","PROPERTY"
"CITY","Natura City Developments Tbk.","2018-09-28T00:00:00",5402681845,"UTAMA","PROPERTY"
"COWL","Cowell Development Tbk.","2007-12-19T00:00:00",4871214021,"PENGEMBANGAN","PROPERTY"
"CPRI","Capri Nusa Satu Properti Tbk.","2019-04-11T00:00:00",2433375005,"PENGEMBANGAN","PROPERTY"
"CSIS","Cahayasakti Investindo Sukses ","2017-05-10T00:00:00",1307000000,"PENGEMBANGAN","PROPERTY"
"CTRA","Ciputra Development Tbk.","1994-03-28T00:00:00",18560303397,"UTAMA","PROPERTY"
"DADA","Diamond Citra Propertindo Tbk.","2020-02-14T00:00:00",7177000000,"Pengembangan","PROPERTY"
"DART","Duta Anggada Realty Tbk.","1990-05-08T00:00:00",3141390962,"UTAMA","PROPERTY"
"DGIK","Nusa Konstruksi Enjiniring Tbk","2007-12-19T00:00:00",5541165000,"Utama","PROPERTY"
"DILD","Intiland Development Tbk.","1991-09-04T00:00:00",10365854185,"UTAMA","PROPERTY"
"DMAS","Puradelta Lestari Tbk.","2015-05-29T00:00:00",48198111100,"Utama","PROPERTY"
"DUTI","Duta Pertiwi Tbk","1994-11-02T00:00:00",1850000000,"PENGEMBANGAN","PROPERTY"
"ELTY","Bakrieland Development Tbk.","1995-10-30T00:00:00",43521913019,"PENGEMBANGAN","PROPERTY"
"EMDE","Megapolitan Developments Tbk.","2011-01-12T00:00:00",3350000000,"PENGEMBANGAN","PROPERTY"
"FMII","Fortune Mate Indonesia Tbk","2000-06-30T00:00:00",2721000000,"Pengembangan","PROPERTY"
"FORZ","Forza Land Indonesia Tbk.","2017-04-28T00:00:00",1984009887,"UTAMA","PROPERTY"
"GAMA","Gading Development Tbk.","2012-07-11T00:00:00",10011027656,"UTAMA","PROPERTY"
"GMTD","Gowa Makassar Tourism Developm","2000-12-11T00:00:00",101538000,"PENGEMBANGAN","PROPERTY"
"GPRA","Perdana Gapuraprima Tbk.","2007-10-10T00:00:00",4276655336,"UTAMA","PROPERTY"
"GWSA","Greenwood Sejahtera Tbk.","2011-12-23T00:00:00",7800760000,"UTAMA","PROPERTY"
"IDPR","Indonesia Pondasi Raya Tbk.","2015-12-10T00:00:00",2003000000,"UTAMA","PROPERTY"
"INDO","Royalindo Investa Wijaya Tbk.","2020-01-13T00:00:00",4309100000,"Pengembangan","PROPERTY"
"JKON","Jaya Konstruksi Manggala Prata","2007-12-04T00:00:00",16308519860,"UTAMA","PROPERTY"
"JRPT","Jaya Real Property Tbk.","1994-06-29T00:00:00",13750000000,"UTAMA","PROPERTY"
"KIJA","Kawasan Industri Jababeka Tbk.","1995-01-10T00:00:00",20824888369,"UTAMA","PROPERTY"
"KOTA","DMS Propertindo Tbk.","2019-07-09T00:00:00",10540238837,"UTAMA","PROPERTY"
"LAND","Trimitra Propertindo Tbk.","2018-08-23T00:00:00",2792620000,"PENGEMBANGAN","PROPERTY"
"LCGP","Eureka Prima Jakarta Tbk.","2007-07-13T00:00:00",5630000914,"PENGEMBANGAN","PROPERTY"
"LPCK","Lippo Cikarang Tbk","1997-07-24T00:00:00",2679600000,"Utama","PROPERTY"
"LPKR","Lippo Karawaci Tbk.","1996-06-28T00:00:00",70898018369,"UTAMA","PROPERTY"
"MABA","Marga Abhinaya Abadi Tbk.","2017-06-22T00:00:00",15365229912,"PENGEMBANGAN","PROPERTY"
"MDLN","Modernland Realty Tbk.","1993-01-18T00:00:00",12533067322,"UTAMA","PROPERTY"
"MKPI","Metropolitan Kentjana Tbk.","2009-07-10T00:00:00",948194000,"Pengembangan","PROPERTY"
"MMLP","Mega Manunggal Property Tbk.","2015-06-12T00:00:00",6889134608,"PENGEMBANGAN","PROPERTY"
"MPRO","Maha Properti Indonesia Tbk.","2018-10-09T00:00:00",9942500000,"Pengembangan","PROPERTY"
"MTLA","Metropolitan Land Tbk.","2011-06-20T00:00:00",7655126330,"UTAMA","PROPERTY"
"MTRA","Mitra Pemuda Tbk.","2016-02-10T00:00:00",770000000,"PENGEMBANGAN","PROPERTY"
"MTSM","Metro Realty Tbk.","1992-01-08T00:00:00",232848000,"PENGEMBANGAN","PROPERTY"
"MYRX","Hanson International Tbk.","1990-10-31T00:00:00",86703220792,"PENGEMBANGAN","PROPERTY"
"NIRO","City Retail Developments Tbk.","2012-09-13T00:00:00",22198871804,"PENGEMBANGAN","PROPERTY"
"NRCA","Nusa Raya Cipta Tbk.","2013-06-27T00:00:00",2496258344,"Utama","PROPERTY"
"NZIA","Nusantara Almazia Tbk.","2019-09-25T00:00:00",2197538000,"Utama","PROPERTY"
"OMRE","Indonesia Prima Property Tbk","1994-08-22T00:00:00",1745000000,"PENGEMBANGAN","PROPERTY"
"PAMG","Bima Sakti Pertiwi Tbk.","2019-07-05T00:00:00",3125000000,"UTAMA","PROPERTY"
"PBSA","Paramita Bangun Sarana Tbk.","2016-09-28T00:00:00",1500000000,"UTAMA","PROPERTY"
"PLIN","Plaza Indonesia Realty Tbk.","1992-06-15T00:00:00",3550000000,"UTAMA","PROPERTY"
"POLI","Pollux Investasi Internasional","2019-01-10T00:00:00",2010526400,"PENGEMBANGAN","PROPERTY"
"POLL","Pollux Properti Indonesia Tbk.","2018-07-11T00:00:00",8318823600,"UTAMA","PROPERTY"
"POSA","Bliss Properti Indonesia Tbk.","2019-05-10T00:00:00",8388870006,"PENGEMBANGAN","PROPERTY"
"PPRO","PP Properti Tbk.","2015-05-19T00:00:00",61675671883,"Utama","PROPERTY"
"PTPP","PP (Persero) Tbk.","2010-02-09T00:00:00",6199897354,"Utama","PROPERTY"
"PWON","Pakuwon Jati Tbk.","1989-10-09T00:00:00",48159602400,"UTAMA","PROPERTY"
"RBMS","Ristia Bintang Mahkotasejati T","1997-12-19T00:00:00",2656212826,"Utama","PROPERTY"
"RDTX","Roda Vivatex Tbk","1990-05-14T00:00:00",268800000,"UTAMA","PROPERTY"
"REAL","Repower Asia Indonesia Tbk.","2019-12-06T00:00:00",6632640000,"Pengembangan","PROPERTY"
"RIMO","Rimo International Lestari Tbk","2000-11-10T00:00:00",45080600000,"Pengembangan","PROPERTY"
"RISE","Jaya Sukses Makmur Sentosa Tbk","2018-07-09T00:00:00",9950000000,"UTAMA","PROPERTY"
"RODA","Pikko Land Development Tbk.","2001-10-22T00:00:00",13592128209,"PENGEMBANGAN","PROPERTY"
"SATU","Kota Satu Properti Tbk.","2018-11-05T00:00:00",1250000000,"PENGEMBANGAN","PROPERTY"
"SCBD","Danayasa Arthatama Tbk.","2002-04-19T00:00:00",3322092000,"Pengembangan","PROPERTY"
"SKRN","Superkrane Mitra Utama Tbk.","2018-10-11T00:00:00",1500000000,"Pengembangan","PROPERTY"
"SMDM","Suryamas Dutamakmur Tbk.","1995-10-12T00:00:00",4772138237,"PENGEMBANGAN","PROPERTY"
"SMRA","Summarecon Agung Tbk.","1990-05-07T00:00:00",14426781680,"Utama","PROPERTY"
"SSIA","Surya Semesta Internusa Tbk.","1997-03-27T00:00:00",4705249440,"UTAMA","PROPERTY"
"TAMA","Lancartama Sejati Tbk.","2020-02-10T00:00:00",1000000000,"Pengembangan","PROPERTY"
"TARA","Sitara Propertindo Tbk.","2014-07-11T00:00:00",10069645750,"UTAMA","PROPERTY"
"TOPS","Totalindo Eka Persada Tbk.","2017-06-16T00:00:00",33330000000,"UTAMA","PROPERTY"
"TOTL","Total Bangun Persada Tbk.","2006-07-25T00:00:00",3410000000,"UTAMA","PROPERTY"
"TRIN","Perintis Triniti Properti Tbk.","2020-01-15T00:00:00",4373333400,"Utama","PROPERTY"
"URBN","Urban Jakarta Propertindo Tbk.","2018-12-10T00:00:00",3232122586,"PENGEMBANGAN","PROPERTY"
"WEGE","Wijaya Karya Bangunan Gedung T","2017-11-30T00:00:00",9572000000,"UTAMA","PROPERTY"
"WIKA","Wijaya Karya (Persero) Tbk.","2007-10-29T00:00:00",8969951372,"Utama","PROPERTY"
"WSKT","Waskita Karya (Persero) Tbk.","2012-12-19T00:00:00",13573951000,"UTAMA","PROPERTY"
